salarys	38969 - 77848	3
salarys	77848 - 116727	3
salarys	116727 - 155606	1
salarys	NAN - NAN	8
		
days	avg	8.4
days	max	24.0
days	min	0.0
 		
experience	between1And3	10
experience	between3And6	3
experience	noExperience	2
  		
employment	full	13
employment	part	2
   		
schedule	fullDay	13
schedule	remote	2
    		
skills	SEO оптимизация	7
skills	SEO	8
skills	Поисковая оптимизация сайтов	2
skills	Веб-аналитика	3
skills	Аналитические исследования	1
skills	Яндекс.Метрика	6
skills	Adobe Photoshop	2
skills	Администрирование сайтов	1
skills	SMM	3
skills	Яндекс.Директ	1
skills	Google Analytics	6
skills	Управление интернет-проектами	1
skills	E-Commerce	1
skills	Интернет-реклама	1
skills	Внешняя оптимизация сайта	4
skills	внешний аудит сайта	3
skills	Аудит поисковой видимости сайта	3
skills	внутренний аудит сайта	3
skills	1С-Битрикс	2
skills	SEO-копирайтинг	1
skills	Составление семантического ядра	3
skills	Поисковая оптимизация мобильной версии сайта	1
skills	Создание систем перелинковок	2
skills	Технический аудит сайта	2
skills	Формирование технического задания для разработки	2
skills	Работа с доменами	1
skills	регистрация сайта в каталогах	2
skills	Зарубежные поисковые системы	1
skills	Российские поисковые системы	2
skills	Внутренняя оптимизация сайта	2
skills	Копирайтинг	2
skills	Информационные сайты	1
skills	Навигационные сайты	1
skills	работа с биржами	1
skills	Транзакционные сайты	1
skills	HTML	2
skills	CSS	2
skills	PHP	1
skills	HTML5	1
skills	CSS3	1
skills	CMS Wordpress	1
skills	Joomla CMS	1
skills	Google AdWords	1
skills	Web-дизайн	1
skills	Закупка рекламных материалов	1
skills	Google Docs	1
skills	MS Excel	1
skills	UI	1
skills	Онлайн маркетинг	1
skills	Контекстная реклама	1
skills	Лидогенерация	1
skills	Email маркетинг	1
skills	WEB аналитика	1
skills	Внутренний аудит контекстной рекламы	1
skills	Работа с сайтом	1
skills	Управление бюджетом	1
     		
